Set p.,Sheet,Title (title block),Cover-index title,Title check,Discipline,Lane,File,PDF p.,Availability,Addendum 4,Read method (01),Read-method finding,Legibility (about 80 dpi),Other controls notes,Ledger rows citing it,Exceptions citing it,Action,Tag
1,G0.1,COVER SHEET,Same as title block,Match,General,Civil & Site (adj.),plans_1.pdf,1,Available,—,Text,,,,0,,None,Verified
2,G0.2,LEGEND AND ABBREVIATIONS - CIVIL & ARCHITECTURAL,LEGEND & ABBREVIATIONS - CIVIL & ARCHITECTURAL,Cosmetic (& vs and),General,Civil & Site (adj.),plans_1.pdf,2,Available,—,Text,"Flagged Text, needs a visual pass: Legends are graphics only (Civil & Site design gap)",,Title differs from the cover index (01 log #7),0,,Index fix: flag Text + Visual (no rescan; lane already read it visually),Verified
3,G0.3,NOTES & SPECIFICATIONS,Same as title block,Match,General,Civil & Site (adj.),plans_1.pdf,3,Available,—,Text,,,,3,"#14, #68, #70, #142, #154, #259",None,Verified
4,G0.4,W.A.C. 332-130 COMPLIANCE SHEET,Same as title block,Match,General,Civil & Site (adj.),plans_1.pdf,4,Available,—,Text,,,,0,,None,Verified
5,G0.5,PROCESS SCHEMATIC,Same as title block,Match,General,Process & Mechanical (adj.),plans_1.pdf,5,Available,—,Visual,,Revision triangle number reads 6 — Process & Mechanical note for G0.5,,38,"#4, #7, #8, #9, #10, #29, #30, #37, #54, #56, #59, #60 …",Higher-resolution copy (native PDF) for the unreadable value,Unresolved
6,G0.6,HYDRAULIC PROFILE,Same as title block,Match,General,Process & Mechanical (adj.),plans_1.pdf,6,Available,—,Visual,,,,20,"#4, #7, #8, #9, #10, #29, #30, #37, #54, #56, #59, #60 …",None,Verified
7,G0.7,DESIGN CRITERIA,Same as title block,Match,General,Process & Mechanical (adj.),plans_1.pdf,7,Available,—,Text,,,,22,"#7, #8, #9, #10, #11, #29, #30, #32, #36, #45, #54, #59 …",None,Verified
8,C0.1,EXISTING CONDITIONS,Same as title block,Match,Civil,Civil & Site,plans_1.pdf,8,Available,—,Visual (rev1),,Low-confidence read: second easement number (Civil & Site Known Issues K-03),,4,#28,Higher-resolution copy (native PDF) for the unreadable value,Unresolved
9,C0.2,T.E.S.C. NARRATIVE,Same as title block,Match,Civil,Civil & Site,plans_2Part-1.pdf,1,Available,—,Visual,,,,6,"#15, #69, #71",None,Verified
10,C0.3,T.E.S.C. PLAN (cover index),Same as title block,"Resplit title block reads ""T.E.S.C. PLAN""",Civil,Civil & Site,not in library,—,"Not in the drawing files; resplit image in Project files (Missing_Pages_Page_001.png), page 10 of 96 — crawled in the Civil & Site resplit pass",—,Set on upload,,,,7,#71,None,Verified-Visual
11,C0.4,T.E.S.C. DETAILS,Same as title block,Match,Civil,Civil & Site,plans_2Part-3.pdf,1,Available,—,Visual (rev1),,,,6,#71,None,Verified
12,C0.5,DEMOLITION PLAN,Same as title block,Match,Civil,Civil & Site,plans_2Part-4.pdf,1,Available,"Cited — Add. 4 p.1, Clarification 1",Visual,,Low-confidence read: SSMH 1286 label under the X (Civil & Site Known Issues K-03),,24,"#28, #68, #74, #77, #143, #144, #147, #150, #151, #163",Higher-resolution copy (native PDF) for the unreadable value,Unresolved
13,C0.6,STAGING PLAN,Same as title block,Match,Civil,Civil & Site,plans_2Part-5.pdf,1,Available,—,Visual,,,,2,#71,None,Verified
14,C0.7,WWTP INTERIM PLAN OF OPERATION (cover index),Same as title block,Not checked (sheet missing),Civil,Civil & Site,not in library,—,Missing — not in the library,—,Set on upload,,,,2,#74,Get the sheet from the source set (upload),Unresolved
15,C1.1,SITE PIPING PLAN WITH GENERAL NOTES (cover index),Same as title block,Not checked (sheet missing),Civil,Civil & Site,not in library,—,Missing — not in the library,—,Set on upload,,,,0,"#53, #231",Get the sheet from the source set (upload),Unresolved
16,C1.2,SITE DIMENSIONAL PLAN (cover index),Same as title block,Not checked (sheet missing),Civil,Civil & Site,not in library,—,Missing — not in the library,—,Set on upload,,,,0,,Get the sheet from the source set (upload),Unresolved
17,C1.3,SITE PIPING PLAN WITH PIPING ID,Same as title block,Match,Civil,Civil & Site,plans_3Part-1.pdf,1,Available,Reissued — Add. 4 p.7 governs,Text,"Flagged Text, needs a visual pass: Text layer is mostly repeated labels (Civil & Site design gap)",,Reissue keeps the base title block (01 log #12),30,"#4, #16, #17, #50, #51, #52, #79, #80, #81, #82, #83, #84 …",Index fix: flag Text + Visual (no rescan; lane already read it visually),Verified
18,C1.4,SITE PIPING PLAN WITH BURIED VALVE ID,Same as title block,Match,Civil,Civil & Site,plans_3Part-2.pdf,1,Available,—,Text,"Flagged Text, needs a visual pass: Text layer is mostly repeated labels (Civil & Site design gap)",,,15,"#4, #99, #177",Index fix: flag Text + Visual (no rescan; lane already read it visually),Verified
19,C1.5,SITE PIPING PLAN WITH PIPE ELEVATIONS,Same as title block,Match,Civil,Civil & Site,plans_3Part-3.pdf,1,Available,—,Text,"Flagged Text, needs a visual pass: Text layer is mostly repeated labels (Civil & Site design gap)",,,0,,Index fix: flag Text + Visual (no rescan; lane already read it visually),Verified
20,C2.1,GRADING & STORM DRAINAGE PLAN (cover index),Same as title block,"Resplit title block reads ""GRADING & STORM DRAINAGE PLAN""",Civil,Civil & Site,not in library,—,"Not in the drawing files; resplit image in Project files (Missing_Pages_Page_002.png), page 20 of 96 — crawled in the Civil & Site resplit pass",—,Set on upload,,,,18,,None,Verified-Visual
21,C2.2,STORM DRAINAGE PLAN & PROFILE,Same as title block,Match,Civil,Civil & Site,plans_3Part-5.pdf,1,Available,—,Visual (rev1),,,,6,#3,None,Verified
22,C2.3,STORM DRAINAGE PLAN & PROFILES (cover index),Same as title block,"Resplit title block reads ""STORM DRAINAGE PLAN & PROFILES""",Civil,Civil & Site,not in library,—,"Not in the drawing files; resplit image in Project files (Missing_Pages_Page_003.png), page 22 of 96 — crawled in the Civil & Site resplit pass",—,Set on upload,,,,11,,None,Verified-Visual
23,C2.4,STORM DRAINAGE PLAN & PROFILES,Same as title block,Match,Civil,Civil & Site,plans_3Part-7.pdf,1,Available,—,Text,"Flagged Text, needs a visual pass: Text layer is mostly repeated labels (Civil & Site design gap)",,,10,,Index fix: flag Text + Visual (no rescan; lane already read it visually),Verified
24,C2.5,RETAINING WALL PLAN & PROFILE,Same as title block,Match,Civil,Civil & Site,plans_3Part-8.pdf,1,Available,—,Visual,,"Fence height in Keyed Note 4 reads 6"" — Civil & Site CS-12",,3,#147,Higher-resolution copy (native PDF) for the unreadable value,Unresolved
25,C2.6,PAVING PLAN (cover index),Same as title block,"Resplit title block reads ""PAVING PLAN""",Civil,Civil & Site,not in library,—,"Not in the drawing files; resplit image in Project files (Missing_Pages_Page_004.png), page 25 of 96 — crawled in the Civil & Site resplit pass","Cited — Add. 4 p.1, Clarification 1",Set on upload,,,,5,"#73, #96, #97, #131",None,Verified-Visual
26,C3.1,INFLUENT FLOW SPLITTER SITE PLAN,Same as title block,Match,Civil,Process & Mechanical,plans_4Part-2.pdf,1,Available,—,Visual,,,,15,"#5, #6, #7, #8, #9, #44, #75, #76, #77, #79, #80, #81 …",None,Verified
27,C3.2,INFLUENT FLOW SPLITTER ELEVATIONS,Same as title block,Match,Civil,Process & Mechanical,plans_4Part-3.pdf,1,Available,—,Visual (rev1),,,,6,"#75, #76, #79, #80, #81, #86, #103, #144, #157, #160, #237",None,Verified
28,C3.3,TRAIN 3 PLAN,Same as title block,Match,Civil,Process & Mechanical,plans_4Part-4.pdf,1,Available,—,Visual,,,,16,"#1, #2, #29, #30, #32, #33, #34, #35, #81, #84, #85, #93 …",None,Verified-Visual
29,C3.4,TRAIN 3 SECTION A,Same as title block,Match,Civil,Process & Mechanical,plans_4Part-5.pdf,1,Available,—,Visual,,,,10,"#29, #30, #32, #33, #34, #85",None,Verified-Visual
30,C3.5,TRAIN 3 SECTION B,Same as title block,Match,Civil,Process & Mechanical,plans_4Part-6.pdf,1,Available,—,Visual (rev1),,,,11,"#29, #30, #33, #34, #81, #84, #93, #232",None,Verified
31,C4.1,INFLUENT PUMP STATION,Same as title block,Match,Civil,Process & Mechanical,plans_4Part-7.pdf,1,Available,—,Visual (rev1),,,,13,"#4, #36, #37, #38, #39, #40, #41, #86, #87, #89, #130, #166 …",None,Verified
32,C4.2,2W PUMP STATION PLAN & PROFILE,Same as title block,Match,Civil,Process & Mechanical,plans_4Part-8.pdf,1,Available,—,Visual (rev1),,,,5,"#45, #46, #47, #50, #168, #169, #183, #222, #240",None,Verified
33,C4.3,2W EQUIPMENT LAYOUT,Same as title block,Match,Civil,Process & Mechanical,plans_5.pdf,1,Available,—,Visual (rev1),,,,2,"#25, #48, #183, #227",None,Verified
34,C5.1,UV DISINFECTION CHAMBER & DIGESTER PLAN,Same as title block,Match,Civil,Process & Mechanical,plans_5.pdf,2,Available,—,Text,"Flagged Text, needs a visual pass: Content is image-only (Process & Mechanical log)",,,13,"#54, #55, #56, #57, #88, #89, #90, #91, #94, #104, #105, #166 …",Index fix: flag Text + Visual (no rescan; lane already read it visually),Verified
35,C5.2,"UV DISINFECTION CHAMBER & DIGESTER SECTION ""A""",Same as title block,Match,Civil,Process & Mechanical,plans_5.pdf,3,Available,—,Visual (rev1),,,,10,"#54, #55, #56, #57, #88, #92, #94, #104, #105",None,Verified
36,C5.3,"UV DISINFECTION CHAMBER & DIGESTER SECTION ""B""",Same as title block,Match,Civil,Process & Mechanical,plans_5.pdf,4,Available,—,Visual (rev1),,,,15,"#54, #55, #56, #57, #58, #88, #89, #90, #91, #92, #94, #104 …",None,Verified
37,C5.4,UV DISINFECTION EQUIPMENT,Same as title block,Match,Civil,Process & Mechanical,plans_5.pdf,5,Available,—,Visual (rev1),,"UV module callout ""4-64"" and ""6 required / bank"" not fully legible — Process & Mechanical Issue 13",,2,"#54, #55, #234",Higher-resolution copy (native PDF) for the unreadable value,Unresolved
38,C6.1,ROTARY FAN PRESS SYSTEM,Same as title block,Match,Civil,Process & Mechanical,plans_5.pdf,6,Available,—,Visual (rev1),,,,11,"#63, #64, #89, #106, #191",None,Verified
39,C6.2,SLUDGE PUMP AND VALVING AREA,SLUDGE PUMP & VALVING AREA,Cosmetic (& vs and),Civil,Process & Mechanical,plans_5.pdf,7,Available,—,Visual (rev1),,,Title differs from the cover index (01 log #8),13,"#12, #43, #59, #60, #61, #85, #90, #91, #101, #102, #106, #107 …",None,Verified
40,C6.3,DIGESTER BLOWER,Same as title block,Match,Civil,Process & Mechanical,plans_5.pdf,8,Available,—,Visual (rev1),,,,4,"#19, #50, #94, #173, #185, #202",None,Verified
41,C6.4,BIOLOGICAL TREATMENT BLOWERS,Same as title block,Match,Civil,Process & Mechanical,plans_6.pdf,1,Available,Reissued — Add. 4 p.6 governs,Visual,,,Reissue keeps the base title block (01 log #12),8,"#18, #19, #25, #50, #51, #93, #146, #185, #202, #224, #227, #231 …",None,Verified
42,C6.5,BIOLOGICAL TREATMENT BLOWER ELEVATION,Same as title block,Match,Civil,Process & Mechanical,plans_6.pdf,2,Available,—,Visual,,,,7,"#18, #93, #108, #109, #202, #224, #231, #233",None,Verified
43,C7.1,CIVIL DETAILS,Same as title block,Match,Civil,Civil & Site,plans_6.pdf,3,Available,—,Visual (rev1),,,,7,"#4, #52, #96",None,Verified
44,C7.2,CIVIL DETAILS,Same as title block,Match,Civil,Civil & Site,plans_6.pdf,4,Available,—,Text,,,,1,"#97, #160, #168",None,Verified
45,C7.3,CIVIL DETAILS,Same as title block,Match,Civil,Civil & Site,plans_6.pdf,5,Available,—,Visual,,,,17,"#73, #98, #99, #177",None,Verified-Visual
46,C7.4,CIVIL DETAILS,Same as title block,Match,Civil,Civil & Site,plans_6.pdf,6,Available,—,Visual (rev1),,,Duplicate copy at plans_7 pp.1–3; the plans_6 copy is indexed (01),6,"#73, #97, #148, #152, #160, #173, #240",None,Verified
47,C7.5,CIVIL DETAILS,Same as title block,Match,Civil,Civil & Site,plans_6.pdf,7,Available,—,Text,,,Duplicate copy at plans_7 pp.1–3; the plans_6 copy is indexed (01),4,"#4, #52, #53, #168",None,Verified
48,C7.6,CIVIL DETAILS,Same as title block,Match,Civil,Civil & Site,plans_6.pdf,8,Available,—,Visual (rev1),,,Duplicate copy at plans_7 pp.1–3; the plans_6 copy is indexed (01),4,"#11, #16, #17, #49, #95, #100, #149",None,Verified
49,C7.7,CIVIL DETAILS (cover index),Same as title block,Not checked (sheet missing),Civil,Civil & Site,not in library,—,Missing — not in the library,—,Set on upload,,,,0,,Get the sheet from the source set (upload),Unresolved
50,C7.8,CIVIL DETAILS (cover index),Same as title block,Not checked (sheet missing),Civil,Civil & Site,not in library,—,Missing — not in the library,—,Set on upload,,,,0,,Get the sheet from the source set (upload),Unresolved
51,C7.9,FLOW METER & VALVE VAULT DETAILS (cover index),Same as title block,Not checked (sheet missing),Civil,Civil & Site,not in library,—,Missing — not in the library,—,Set on upload,,,,0,"#44, #156",Get the sheet from the source set (upload),Unresolved
52,C7.10,FLOW METER & VALVE VAULT DETAILS,Same as title block,Match,Civil,Civil & Site,plans_7.pdf,4,Available,—,Visual (rev1),,,,8,"#5, #6, #7, #8, #81, #149, #156",None,Verified
53,A1.1,BLOWER BUILDING PLAN,Same as title block,Match,Architectural,Structural & Building,plans_7.pdf,5,Available,Reissued — Add. 4 p.4 governs,Visual (rev1),,Door 101B height illegible in the door schedule (same on the Add. 4 p.4 reissue) — Structural & Building Issues §2 #1,Add. 4 p.4 reissue shows no new revision entry,14,"#18, #20, #21, #22, #23, #24, #25, #145, #146, #170, #175, #195 …",Higher-resolution copy (native PDF) for the unreadable value,Unresolved
54,A1.2,BLOWER BUILDING EXTERIOR ELEVATIONS 1,Same as title block,Match,Architectural,Structural & Building,plans_7.pdf,6,Available,Reissued — Add. 4 p.5 governs,Visual (rev1),,,Add. 4 p.5 reissue shows no new revision entry,8,"#20, #21, #22, #145, #146, #170, #175, #217, #228",None,Verified
55,A1.3,BUILDING DETAILS,Same as title block,Match,Architectural,Structural & Building,plans_7.pdf,7,Available,—,Text,,,,8,"#18, #26, #27, #28, #200, #224, #229, #230, #231",None,Verified
56,S1.1,STRUCTURAL NOTES,Same as title block,Match,Structural,Structural & Building,plans_7.pdf,8,Available,—,Visual,,,"Page total reads ""OF 98"" at stored resolution; all other sheets read 96 (01 log #10, low priority)",9,"#29, #56, #222, #256",None,Verified-Visual
57,S2.1,TRAIN 3 PLANS & SECTION,Same as title block,Match,Structural,Structural & Building,plans_8.pdf,1,Available,—,Visual,,,"Page total reads ""OF 98"" at stored resolution; all other sheets read 96 (01 log #10, low priority)",2,"#29, #34, #158, #232",None,Verified-Visual
58,S2.2,UV DISINFECTION CHAMBER & DIGESTER PLAN & SECTIONS,UV DISINFECTION & DIGESTER PLAN & SECTIONS,Wording differs,Structural,Structural & Building,plans_8.pdf,2,Available,—,Visual,,"Low-confidence read: mat slab spacing (#6 @ 10"" vs @ 12"") — confirm on the native sheet before any RFI (Structural & Building Known Issues 1)","Title differs from the cover index (01 log #2); Page total reads ""OF 98"" at stored resolution; all other sheets read 96 (01 log #10, low priority)",5,"#56, #57, #166, #220, #234",Higher-resolution copy (native PDF) for the unreadable value,Unresolved
59,S2.3,BLOWER BUILDING FOUNDATION PLAN & DETAILS,Same as title block,Match,Structural,Structural & Building,plans_8.pdf,3,Available,Reissued — Add. 4 p.9 governs,Visual,,Perimeter grade beam bar size illegible on the base sheet and the Add. 4 p.9 reissue — Structural & Building Issues §2 #6,"Add. 4 p.9 revision block shows revision 3 ""Blower Building"" TH 2/8/23 (Structural & Building, Verified-Visual); Page total reads ""OF 98"" at stored resolution; all other sheets read 96 (01 log #10, low priority)",4,"#128, #145, #170, #185, #217, #233, #239",Higher-resolution copy (native PDF) for the unreadable value,Unresolved
60,S2.4,"PUMP STATION LID, GENERATOR PAD, & FLOW SPLITTER PAD",Same as title block,Match,Structural,Structural & Building,plans_8.pdf,4,Available,—,Visual,,Low-confidence read: hatch openings and thickened-edge depth — confirm on the native sheet before any RFI (Structural & Building Known Issues 1),"Page total reads ""OF 98"" at stored resolution; all other sheets read 96 (01 log #10, low priority)",7,"#37, #38, #65, #75, #76, #103, #151, #157, #166, #201, #222, #223 …",Higher-resolution copy (native PDF) for the unreadable value,Unresolved
61,S4.1,TYP STRUCTURAL DETAILS,Same as title block,Match,Structural,Structural & Building,plans_8.pdf,5,Available,Reissued — Add. 4 p.10 governs; Detail 8 cited p.3,Visual,,,"Add. 4 p.10 revision block shows revision 3 ""Blower Building"" TH 2/8/23 (Structural & Building, Verified-Visual); Page total reads ""OF 98"" at stored resolution; all other sheets read 96 (01 log #10, low priority)",5,"#29, #56, #78, #217, #238",None,Verified-Visual
62,E0.1,ELECTRICAL SYMBOLS AND ABBREVIATIONS,Same as title block,Match,Electrical,Electrical & Controls,plans_8.pdf,6,Available,—,Text,,,,0,#258,None,Verified
63,E0.2,ELECTRICAL DEMOLITION SITE PLAN AND ONE LINE DIAGRAM,Same as title block,Match,Electrical,Electrical & Controls,plans_8.pdf,7,Available,—,Text,,,,14,"#28, #194, #200",None,Verified
64,E0.3,OVERALL ELECTRICAL SITE PLAN,Same as title block,Match,Electrical,Electrical & Controls,plans_8.pdf,8,Available,—,Text,,,,1,,None,Verified
65,E0.4,AREA CLASSIFICATION SITE PLAN,AREA CLASSIFICATION PLAN,Wording differs,Electrical,Electrical & Controls,plans_9.pdf,1,Available,—,Text,,,"Title differs from the cover index (01 log #3); E0.1 sheet index matches the cover index (Electrical & Controls, Verified)",0,"#194, #196, #205",None,Verified
66,E1.1,ELECTRIC SERVICE AREA PLAN,ELECTRICAL SERVICE AREA PLAN,Wording differs,Electrical,Electrical & Controls,plans_9.pdf,2,Available,—,Text,"Flagged Text, needs a visual pass: Text layer mis-associates tags (TS reads as a transfer switch; it is the transformer) (Electrical & Controls log)",,"Title differs from the cover index (01 log #4); E0.1 sheet index matches the cover index (Electrical & Controls, Verified)",15,"#23, #65, #66, #201, #223",Index fix: flag Text + Visual (no rescan; lane already read it visually),Verified
67,E2.1,"BLOWER BUILDING POWER, CONTROL AND GROUNDING PLAN",Same as title block,Match,Electrical,Electrical & Controls,plans_9.pdf,3,Available,—,Text,,,,16,"#18, #19, #23, #24, #48, #118, #199, #202, #213",None,Verified
68,E2.2,BLOWER BUILDING LIGHTING AND HVAC PLAN,Same as title block,Match,Electrical,Electrical & Controls,plans_9.pdf,4,Available,—,Text,,Light fixture L1 catalog number not legible (L1 (Blower Building)) — Electrical & Controls Ledger,,13,"#20, #21, #22, #23, #24, #119, #121, #123, #192, #199, #203",Higher-resolution copy (native PDF) for the unreadable value,Unresolved
69,E3.1,TRAIN NO.3 ELECTRICAL PLAN AND ELEVATION,TRAIN CELL NO.3 ELECTRICAL PLAN AND ELEVATION,Wording differs,Electrical,Electrical & Controls,plans_9.pdf,5,Available,—,Text,,,"Title differs from the cover index (01 log #5); E0.1 sheet index matches the title block (Electrical & Controls, Verified)",8,"#1, #2, #31, #32, #33, #35, #204",None,Verified
70,E4.1,"INFLUENT PUMP STATION, WAS, DEWATERING ELECTRICAL PLAN",Same as title block,Match,Electrical,Electrical & Controls,plans_9.pdf,6,Available,—,Text,,,,41,"#3, #7, #8, #9, #12, #13, #26, #36, #39, #40, #43, #59 …",None,Verified
71,E4.2,INFLUENT PUMP STATION ELECTRICAL PLAN AND ELEVATION,Same as title block,Match,Electrical,Electrical & Controls,plans_9.pdf,7,Available,—,Text,,,,11,"#36, #39, #40, #207",None,Verified
72,E4.3,2W PUMP STATION ELECTRICAL PLAN AND ELEVATION,Same as title block,Match,Electrical,Electrical & Controls,plans_9.pdf,8,Available,—,Text,,,,11,"#11, #16, #17, #45, #46, #49, #95, #100, #124, #167, #193, #199 …",None,Verified
73,E5.1,UV DISINFECTION CHAMBER & DIGESTER ELECTRICAL PLAN AND ELEVATION,UV DISINFECTION & CLARIFIER ELECTRICAL PLAN AND ELEVATION,Substantive difference,Electrical,Electrical & Controls,plans_10.pdf,1,Available,—,Text,,,"Title differs from the cover index (01 log #1); E0.1 sheet index matches the title block (Electrical & Controls, Verified)",10,"#10, #54, #55, #58, #209, #212, #258",None,Unresolved
74,E6.1,ELECTRICAL ONE LINE DIAGRAM AND LOAD CALCULATIONS,Same as title block,Match,Electrical,Electrical & Controls,plans_10.pdf,2,Available,—,Text,"Flagged Text, needs a visual pass: Load tables are image-only (Electrical & Controls log)",,,39,"#3, #18, #19, #23, #31, #36, #45, #59, #60, #61, #62, #63 …",Index fix: flag Text + Visual (no rescan; lane already read it visually),Verified
75,E6.2,ELECTRICAL PANEL SCHEDULES,Same as title block,Match,Electrical,Electrical & Controls,plans_10.pdf,3,Available,—,Visual,,,,25,"#13, #16, #17, #20, #23, #24, #26, #54, #55, #64, #95, #121 …",None,Verified
76,E6.3,CONDUIT AND CONDUCTOR SCHEDULES,Same as title block,Match,Electrical,Electrical & Controls,plans_10.pdf,4,Available,—,Visual,,,,70,"#2, #3, #7, #8, #9, #10, #11, #12, #13, #16, #17, #18 …",None,Verified
77,E7.0,CONTROL SYSTEM OVERVIEW,Same as title block,Match,Electrical,Electrical & Controls,plans_10.pdf,5,Available,—,Text,"Text layer order misassigns PLC I/O points (reported on E7.3–E7.5; applied to the E7 series, Inferred) (Electrical & Controls log)",,,15,"#7, #8, #9, #10, #11, #23, #24, #43, #63, #120, #184, #197",Index fix: flag Text + Visual (no rescan; lane already read it visually),Verified
78,E7.1,MAIN PLC CONTROL PANEL ELEVATION,Same as title block,Match,Electrical,Electrical & Controls,plans_10.pdf,6,Available,—,Text,"Text layer order misassigns PLC I/O points (reported on E7.3–E7.5; applied to the E7 series, Inferred) (Electrical & Controls log)",,,9,"#18, #19, #24, #58, #127, #213, #214",Index fix: flag Text + Visual (no rescan; lane already read it visually),Verified
79,E7.2,MAIN PLC CONTROL PANEL - POWER WIRING DIAGRAM,Same as title block,Match,Electrical,Electrical & Controls,plans_10.pdf,7,Available,—,Text,"Text layer order misassigns PLC I/O points (reported on E7.3–E7.5; applied to the E7 series, Inferred) (Electrical & Controls log)",,,8,"#18, #19, #24, #127, #214",Index fix: flag Text + Visual (no rescan; lane already read it visually),Verified
80,E7.3,MAIN PLC CONTROL PANEL - DIGITAL INPUTS,Same as title block,Match,Electrical,Electrical & Controls,plans_10.pdf,8,Available,—,Text,"Text layer order misassigns PLC I/O points (reported on E7.3–E7.5; applied to the E7 series, Inferred) (Electrical & Controls log)",,,27,"#3, #18, #19, #24, #31, #45, #46, #54, #59, #60, #61, #65 …",Index fix: flag Text + Visual (no rescan; lane already read it visually),Verified
81,E7.4,MAIN PLC CONTROL PANEL - DIGITAL OUTPUTS,Same as title block,Match,Electrical,Electrical & Controls,plans_11.pdf,1,Available,—,Text,"Text layer order misassigns PLC I/O points (reported on E7.3–E7.5; applied to the E7 series, Inferred) (Electrical & Controls log)",,,13,"#3, #18, #19, #24, #45, #49, #59, #60, #61, #100",Index fix: flag Text + Visual (no rescan; lane already read it visually),Verified
82,E7.5,MAIN PLC CONTROL PANEL - ANALOG INPUTS - SHEET 1,Same as title block,Match,Electrical,Electrical & Controls,plans_11.pdf,2,Available,—,Text,"Text layer order misassigns PLC I/O points (reported on E7.3–E7.5; applied to the E7 series, Inferred) (Electrical & Controls log)",,,5,"#24, #48, #54, #58",Index fix: flag Text + Visual (no rescan; lane already read it visually),Verified
83,E7.6,MAIN PLC CONTROL PANEL - ANALOG INPUTS - SHEET 2,Same as title block,Match,Electrical,Electrical & Controls,plans_11.pdf,3,Available,—,Text,"Text layer order misassigns PLC I/O points (reported on E7.3–E7.5; applied to the E7 series, Inferred) (Electrical & Controls log)",,,5,"#1, #2, #24, #35, #125, #126, #197",Index fix: flag Text + Visual (no rescan; lane already read it visually),Verified
84,E7.7,MAIN PLC CONTROL PANEL - ANALOG OUTPUTS,Same as title block,Match,Electrical,Electrical & Controls,plans_11.pdf,4,Available,—,Text,"Text layer order misassigns PLC I/O points (reported on E7.3–E7.5; applied to the E7 series, Inferred) (Electrical & Controls log)",,,4,"#24, #121, #123",Index fix: flag Text + Visual (no rescan; lane already read it visually),Verified
85,E8.1,INFLUENT PUMP STATION CONTROL PANEL ELEVATIONS,Same as title block,Match,Electrical,Electrical & Controls,plans_11.pdf,5,Available,—,Text,,,,20,"#7, #8, #9, #36, #39, #40, #42, #120, #167, #197, #213, #214",None,Verified
86,E8.2,INFLUENT PUMP STATION CONTROL PANEL-POWER WIRING DIAGRAM,INFLUENT PUMP STATION CONTROL PANEL - POWER WIRING DIAGRAMS,Wording differs,Electrical,Electrical & Controls,plans_11.pdf,6,Available,—,Text,,,"Title differs from the cover index (01 log #6); E0.1 sheet index matches the cover index (Electrical & Controls, Verified)",5,#36,None,Verified
87,E8.3,INFLUENT PUMP STATION CONTROL PANEL - DIGITAL INPUTS,Same as title block,Match,Electrical,Electrical & Controls,plans_11.pdf,7,Available,—,Text,,,,13,"#26, #36, #40",None,Verified
88,E8.4,INFLUENT PUMP STATION CONTROL PANEL - DIGITAL OUTPUTS,Same as title block,Match,Electrical,Electrical & Controls,plans_11.pdf,8,Available,—,Text,,,,10,"#12, #36, #107, #196",None,Verified
89,E8.5,INFLUENT PUMP STATION CONTROL PANEL - ANALOG INPUTS,Same as title block,Match,Electrical,Electrical & Controls,plans_12.pdf,1,Available,—,Text,,,,4,#39,None,Verified
90,E8.6,INFLUENT PUMP STATION CONTROL PANEL - ANALOG OUTPUTS,Same as title block,Match,Electrical,Electrical & Controls,plans_12.pdf,2,Available,—,Text,,,,3,"#13, #64, #122, #167",None,Verified
91,E9.1,BLOWER BUILDING MOTOR CONTROL CENTER ELEVATION,Same as title block,Match,Electrical,Electrical & Controls,plans_12.pdf,3,Available,"Cited — Add. 4 p.1, Clarification 4",Text,,,,20,"#3, #18, #19, #23, #31, #45, #59, #60, #61, #63, #125, #126 …",None,Verified
92,E9.2,BLOWER BUILDING MOTOR CONTROL CENTER - VFD WIRING DIAGRAMS,Same as title block,Match,Electrical,Electrical & Controls,plans_12.pdf,4,Available,—,Text,,,,7,"#18, #19, #23, #215",None,Verified
93,E9.3,VENTILATION CONTROL PANEL ELEVATION AND WIRING DIAGRAM,Same as title block,Match,Electrical,Electrical & Controls,plans_12.pdf,5,Available,—,Text,,,,7,"#26, #175, #186, #196, #203, #205, #228",None,Verified
94,E10.1,ELECTRICAL DETAILS - SHEET 1,Same as title block,Match,Electrical,Electrical & Controls,plans_12.pdf,6,Available,—,Text,,,,14,"#39, #40",None,Verified
95,E10.2,ELECTRICAL DETAILS - SHEET 2,Same as title block,Match,Electrical,Electrical & Controls,plans_12.pdf,7,Available,—,Text,,,,11,"#7, #8, #9, #10, #11, #43, #64, #120, #121, #184, #197, #216",None,Verified
96,E10.3,STANDBY DIESEL GENERATOR ELEVATIONS,Same as title block,Match,Electrical,Electrical & Controls,plans_12.pdf,8,Available,—,Text,,,,1,"#65, #198, #236",None,Verified
Add.,C1.6A,BURIED PIPING IN BUILDING,Same as title block,Match,Civil,Civil & Site,addendum-no4-eswd.pdf,8,Available,Issued by Add. 4 p.8 (governs),Visual,,,"Issued by Add. 4; page ""XX of 96""; note ""SEE ADDENDUM #3"" — base issue not in the library; Not on the cover index (01 log #11)",9,"#50, #51, #78, #83, #85, #89, #90, #91, #94, #171, #194, #238",None,Verified-Visual
—,C8.1,"(referenced, not in the set)",—,—,Civil,—,—,—,Referenced by 08 70 00 ¶2.07 A (exterior door stop detail); no such sheet in the set,—,—,,,Structural & Building Issues §2 #12,0,,Engineer to issue the sheet or delete the reference,Unresolved
